"requestedManager","canonicalManager","fundName","vehicleType","lifecycle","northAmericaBasis","currentHoldingName","vintage","strategies","structure","fundStatus","size","sizeBasis","repoDisposition","matchedLegacyIds","changedFields","confidence"
"3i Infrastructure","3i Group","3i Infrastructure plc","PROGRAM_EXCEPTION","EVERGREEN_ACTIVE","EXPLICIT_NA_MANDATE","","Evergreen","Core-Plus","Listed / Evergreen","Evergreen","£3.071B AUM","AUM","PROPOSED_CORRECTION","FUND-001","investmentStrategy | size | sizeUsdMm | sizeNativeCurrency | sizeNativeAmount | sizeBasis | sizeAsOf | regions | sourceUrls | strategyUrl","MEDIUM"
"3i Infrastructure","3i Group","3i North American Infrastructure Fund","NAMED_FUND","CLOSED_ACTIVE","EXPLICIT_NA_MANDATE","","2022","Core-Plus","Closed-End","Financial Close","$739M final commitments","COMMITMENTS","PROPOSED_CORRECTION","FUND-002","fundName | investmentStrategy | size | sizeNativeCurrency | sizeNativeAmount | sizeBasis | sizeAsOf | sectors | sourceUrls | strategyUrl","HIGH"
"3i Infrastructure","3i Group","North American Infrastructure proprietary capital","PROGRAM_EXCEPTION","EVERGREEN_ACTIVE","VERIFIED_CURRENT_NA_HOLDING","Smarte Group (formerly Smarte Carte)","2017","Core-Plus | Value-Add","Permanent Capital","Evergreen","£301M AUM","AUM","PROPOSED_NEW","","","MEDIUM"
"ADIA Infrastructure","Abu Dhabi Investment Authority (ADIA)","Infrastructure Department","PROGRAM_EXCEPTION","EVERGREEN_ACTIVE","VERIFIED_CURRENT_NA_HOLDING","Sempra Infrastructure Partners","Evergreen","Core","Permanent Capital","Evergreen","—","","PROPOSED_CORRECTION","FUND-003","fundName | regions","MEDIUM"
"Amber Infrastructure","Amber Infrastructure Group","International Public Partnerships (INPP)","NAMED_FUND","CLOSED_ACTIVE","EXPLICIT_NA_MANDATE","","Evergreen","Core","Listed / Evergreen","Evergreen","£2.7B NAV","AUM","PROPOSED_CORRECTION","FUND-005","size | sizeUsdMm | sizeNativeCurrency | sizeNativeAmount | sizeBasis | sizeAsOf | regions","HIGH"
"Amber Infrastructure","Amber Infrastructure Group","US Solar Fund plc","NAMED_FUND","CLOSED_ACTIVE","EXPLICIT_NA_MANDATE","","2019","Core | Greenfield","Listed / Closed-End","Evergreen","$190.0M audited NAV","AUM","PROPOSED_NEW","","","HIGH"
"Ancala Partners","Ancala Partners","Ancala Infrastructure Fund III","NAMED_FUND","CLOSED_ACTIVE","VERIFIED_CURRENT_NA_HOLDING","Phoenix Rail (Lehigh Valley Rail Management)","2022","Core-Plus","Closed-End","Financial Close","€1.4B","COMMITMENTS","NEEDS_REVIEW","FUND-006","sizeUsdMm | sizeNativeCurrency | sizeNativeAmount | sizeBasis | sizeAsOf | sectors | regions | sourceUrls","MEDIUM"
"Antin Infrastructure Partners","Antin Infrastructure Partners","Antin Flagship Fund III","NAMED_FUND","CLOSED_ACTIVE","VERIFIED_CURRENT_NA_HOLDING","FirstLight Fiber","2016","Value-Add","Closed-End","Financial Close","€3.6B","FINAL_CLOSE","PROPOSED_CORRECTION","FUND-006A","sizeUsdMm | sizeNativeCurrency | sizeNativeAmount | sizeBasis | sizeAsOf | sourceUrls | strategyUrl","HIGH"
"Antin Infrastructure Partners","Antin Infrastructure Partners","Antin Fund III-B","NAMED_FUND","CLOSED_ACTIVE","VERIFIED_CURRENT_NA_HOLDING","FirstLight Fiber","2020","Value-Add","Closed-End","Financial Close","€1.2B","COMMITMENTS","PROPOSED_CORRECTION","FUND-006B","sizeUsdMm | sizeNativeCurrency | sizeNativeAmount | sizeBasis | sizeAsOf | sourceUrls | strategyUrl","HIGH"
"Antin Infrastructure Partners","Antin Infrastructure Partners","Antin Flagship Fund IV","NAMED_FUND","CLOSED_ACTIVE","EXPLICIT_NA_MANDATE","","2019","Value-Add","Closed-End","Financial Close","€6.5B","FINAL_CLOSE","PROPOSED_CORRECTION","FUND-006C","sizeUsdMm | sizeNativeCurrency | sizeNativeAmount | sizeBasis | sizeAsOf | sourceUrls | strategyUrl","HIGH"
"Antin Infrastructure Partners","Antin Infrastructure Partners","Antin Flagship Fund V","NAMED_FUND","CLOSED_ACTIVE","EXPLICIT_NA_MANDATE","","2022","Value-Add","Closed-End","Financial Close","€10.2B","FINAL_CLOSE","PROPOSED_CORRECTION","FUND-007","sizeUsdMm | sizeNativeCurrency | sizeNativeAmount | sizeBasis | sizeAsOf | sourceUrls | strategyUrl","HIGH"
"Antin Infrastructure Partners","Antin Infrastructure Partners","Antin Mid Cap Fund I","NAMED_FUND","CLOSED_ACTIVE","EXPLICIT_NA_MANDATE","","2021","Value-Add","Closed-End","Financial Close","€2.2B","FINAL_CLOSE","PROPOSED_CORRECTION","FUND-008","sizeUsdMm | sizeNativeCurrency | sizeNativeAmount | sizeBasis | sizeAsOf | sectors | sourceUrls | strategyUrl","HIGH"
"Antin Infrastructure Partners","Antin Infrastructure Partners","Antin NextGen Fund I","NAMED_FUND","CLOSED_ACTIVE","EXPLICIT_NA_MANDATE","","2021","Growth","Closed-End","Financial Close","€1.2B","FINAL_CLOSE","PROPOSED_CORRECTION","FUND-009","sizeUsdMm | sizeNativeCurrency | sizeNativeAmount | sizeBasis | sizeAsOf | strategies | sectors | sourceUrls | strategyUrl","HIGH"
"Antin Infrastructure Partners","Antin Infrastructure Partners","Antin Mid Cap Fund II","NAMED_FUND","RAISING","EXPLICIT_NA_MANDATE","","2026","Value-Add","Closed-End","Raising","€2.5B target","TARGET","PROPOSED_NEW","","","MEDIUM"
"APG Infrastructure","APG Asset Management","APG Infrastructure Pool 2011","NAMED_FUND","CLOSED_ACTIVE","EXPLICIT_NA_MANDATE","","2011","Core","Closed-End","Financial Close","Undisclosed","","PROPOSED_NEW","","","HIGH"
"APG Infrastructure","APG Asset Management","APG Infrastructure Pool 2012","NAMED_FUND","CLOSED_ACTIVE","EXPLICIT_NA_MANDATE","","2012","Core","Closed-End","Financial Close","Undisclosed","","PROPOSED_NEW","","","HIGH"
"APG Infrastructure","APG Asset Management","APG Infrastructure Pool 2014","NAMED_FUND","CLOSED_ACTIVE","EXPLICIT_NA_MANDATE","","2014","Core","Closed-End","Financial Close","Undisclosed","","PROPOSED_NEW","","","HIGH"
"APG Infrastructure","APG Asset Management","APG Infrastructure Pool 2016","NAMED_FUND","CLOSED_ACTIVE","EXPLICIT_NA_MANDATE","","2016","Core","Closed-End","Financial Close","Undisclosed","","PROPOSED_NEW","","","HIGH"
"APG Infrastructure","APG Asset Management","APG Infrastructure Pool 2017","NAMED_FUND","CLOSED_ACTIVE","EXPLICIT_NA_MANDATE","","2017","Core","Closed-End","Financial Close","Undisclosed","","PROPOSED_NEW","","","HIGH"
"APG Infrastructure","APG Asset Management","APG Infrastructure Pool 2017 II","NAMED_FUND","CLOSED_ACTIVE","EXPLICIT_NA_MANDATE","","2017","Core","Closed-End","Financial Close","Undisclosed","","PROPOSED_NEW","","","HIGH"
"APG Infrastructure","APG Asset Management","APG Infrastructure Pool 2020-2021","NAMED_FUND","CLOSED_ACTIVE","EXPLICIT_NA_MANDATE","","2020-2021","Core","Closed-End","Financial Close","Undisclosed","","PROPOSED_CORRECTION","FUND-010","fundName | investmentStrategy | size | sizeUsdMm | vintage | structure | fundStatus | regions | sourceUrls | strategyUrl","HIGH"
"APG Infrastructure","APG Asset Management","APG Infrastructure Asset Owner Fund III C.V.","NAMED_FUND","CLOSED_ACTIVE","VERIFIED_CURRENT_NA_HOLDING","Pattern Energy","2024","Co-Investments","Closed-End","Financial Close","€1.0B initial commitments","COMMITMENTS","NEEDS_REVIEW","","","MEDIUM"
"Apollo Global Management","Apollo Global Management","Apollo Infrastructure Opportunities Fund II","NAMED_FUND","CLOSED_ACTIVE","VERIFIED_CURRENT_NA_HOLDING","US Wind","2020","Core-Plus | Value-Add","Closed-End","Financial Close","$2.542B committed capital","COMMITMENTS","PROPOSED_CORRECTION","FUND-010A","investmentStrategy | size | sizeUsdMm | sizeNativeCurrency | sizeNativeAmount | sizeBasis | sizeAsOf | vintage | strategies | sectors | regions | sourceUrls","HIGH"
"Apollo Global Management","Apollo Global Management","Apollo Infrastructure Opportunities Fund III","NAMED_FUND","CLOSED_ACTIVE","EXPLICIT_NA_MANDATE","","2024","Core-Plus | Value-Add","Closed-End","Financial Close","$2.399B committed capital","COMMITMENTS","PROPOSED_CORRECTION","FUND-014","investmentStrategy | size | sizeUsdMm | sizeNativeCurrency | sizeNativeAmount | sizeBasis | sizeAsOf | vintage | strategies | sectors | regions | sourceUrls","HIGH"
"Apollo Global Management","Apollo Global Management","Apollo Infrastructure Company","PROGRAM_EXCEPTION","EVERGREEN_ACTIVE","EXPLICIT_NA_MANDATE","","2023","Core | Core-Plus","Open-End","Evergreen","$1.9B total net asset value; not classified as fund size","","PROPOSED_CORRECTION","FUND-011","fundName | investmentStrategy | size | sizeUsdMm | vintage | strategies | sectors | regions | sourceUrls","MEDIUM"
"Apollo Global Management","Apollo Global Management","Apollo Starmoon CEPF Co-Invest (Overseas), L.P.","NAMED_FUND","CLOSED_ACTIVE","VERIFIED_CURRENT_NA_HOLDING","Star Moon Holdings / XPLR renewable portfolio","2021","Co-Investments","Closed-End","Financial Close","No fund size disclosed; $816M was a transaction first-close amount","","PROPOSED_NEW","","","MEDIUM"
"Ara Partners","Ara Partners","Ara Infrastructure Fund I","NAMED_FUND","CLOSED_ACTIVE","VERIFIED_CURRENT_NA_HOLDING","Centric Fiber","2022","Value-Add | Greenfield","Closed-End","Financial Close","$800M+ aggregate commitments for Ara Infrastructure Fund I and associated co-investment vehicles","COMMITMENTS","PROPOSED_CORRECTION","FUND-017","investmentStrategy | size | sizeNativeCurrency | sizeNativeAmount | sizeBasis | sizeAsOf | vintage | strategies | sectors | sourceUrls","HIGH"
"Ara Partners","Ara Partners","Ara Energy Fund I","NAMED_FUND","RAISING","EXPLICIT_NA_MANDATE","","Not disclosed","Value-Add","Closed-End","Raising","Undisclosed","","PROPOSED_CORRECTION","FUND-016","fundName | investmentStrategy | size | sizeUsdMm | vintage | regions | sourceUrls | strategyUrl","MEDIUM"
"ArcLight Capital","ArcLight Capital Partners","ArcLight Energy Partners Fund V, L.P.","NAMED_FUND","CLOSED_ACTIVE","EXPLICIT_NA_MANDATE","","2011","Value-Add","Closed-End","Financial Close","$3.3B investor commitments","COMMITMENTS","PROPOSED_NEW","","","HIGH"
"ArcLight Capital","ArcLight Capital Partners","ArcLight Energy Partners Fund VI, L.P.","NAMED_FUND","CLOSED_ACTIVE","EXPLICIT_NA_MANDATE","","2015","Value-Add","Closed-End","Financial Close","$5.575B commitments","COMMITMENTS","PROPOSED_NEW","","","HIGH"
"ArcLight Capital","ArcLight Capital Partners","ArcLight Energy Partners Fund VII, L.P.","NAMED_FUND","CLOSED_ACTIVE","VERIFIED_CURRENT_NA_HOLDING","Infinigen Renewables","2020","Value-Add","Closed-End","Financial Close","Approximately $3.4B commitments","COMMITMENTS","PROPOSED_NEW","","","HIGH"
"ArcLight Capital","ArcLight Capital Partners","ArcLight Infrastructure Partners Fund VIII","NAMED_FUND","CLOSED_ACTIVE","VERIFIED_CURRENT_NA_HOLDING","Phoenix Renewables","2026","Value-Add","Closed-End","Financial Close","$3.9B total commitments","COMMITMENTS","PROPOSED_CORRECTION","FUND-018","investmentStrategy | size | sizeNativeCurrency | sizeNativeAmount | sizeBasis | sizeAsOf | strategies | sourceUrls","HIGH"
"ArcLight Capital","ArcLight Capital Partners","ArcLight 3C SPV, L.P.","NAMED_FUND","CLOSED_ACTIVE","VERIFIED_CURRENT_NA_HOLDING","Third Coast CV","2022","Value-Add","Closed-End","Financial Close","$407M capital commitments","COMMITMENTS","PROPOSED_NEW","","","HIGH"
"ArcLight Capital","ArcLight Capital Partners","ArcLight Renewable Infrastructure Fund SM SPV, L.P.","NAMED_FUND","CLOSED_ACTIVE","VERIFIED_CURRENT_NA_HOLDING","Sidney Murray Hydroelectric Project","2021","Value-Add","Closed-End","Financial Close","$173M amount sold","AMOUNT_SOLD","PROPOSED_NEW","","","HIGH"
"ArcLight Capital","ArcLight Capital Partners","AL GCX Co-Invest, L.P.","NAMED_FUND","CLOSED_ACTIVE","VERIFIED_CURRENT_NA_HOLDING","Gulf Coast Express Pipeline","2024","Co-Investments","Closed-End","Financial Close","$235.5M amount sold","AMOUNT_SOLD","PROPOSED_NEW","","","HIGH"
"ArcLight Capital","ArcLight Capital Partners","AL GCX Fund VIII Co-Invest-A, L.P.","NAMED_FUND","CLOSED_ACTIVE","VERIFIED_CURRENT_NA_HOLDING","Gulf Coast Express Pipeline","2024","Co-Investments","Closed-End","Financial Close","Undisclosed","","PROPOSED_NEW","","","HIGH"
"ArcLight Capital","ArcLight Capital Partners","AL NGPL Fund VIII Co-Invest, L.P.","NAMED_FUND","CLOSED_ACTIVE","VERIFIED_CURRENT_NA_HOLDING","Natural Gas Pipeline Company of America","2025","Co-Investments","Closed-End","Financial Close","$262.394M current gross asset value","AUM","PROPOSED_NEW","","","HIGH"
"ArcLight Capital","ArcLight Capital Partners","ArcLight Power Infrastructure Partners, L.P.","NAMED_FUND","RAISING","EXPLICIT_NA_MANDATE","","2024","Core","Closed-End","Raising","$250M amount sold","AMOUNT_SOLD","NEEDS_REVIEW","","","MEDIUM"
"ArcLight Capital","ArcLight Capital Partners","ArcLight Aransas Principal Investment Vehicle, L.P.","NAMED_FUND","RAISING","EXPLICIT_NA_MANDATE","","2025","Value-Add","Closed-End","Raising","$100M amount sold","AMOUNT_SOLD","NEEDS_REVIEW","","","MEDIUM"
"Ardian","Ardian","Ardian Americas Infrastructure Fund IV (AAIF IV)","NAMED_FUND","CLOSED_ACTIVE","EXPLICIT_NA_MANDATE","","2018","Core-Plus","Closed-End","Financial Close","$0.8B","FINAL_CLOSE","PROPOSED_CORRECTION","FUND-018A","sizeNativeCurrency | sizeNativeAmount | sizeBasis | sizeAsOf","HIGH"
"Ardian","Ardian","Ardian Americas Infrastructure Fund V (AAIF V)","NAMED_FUND","CLOSED_ACTIVE","EXPLICIT_NA_MANDATE","","2022","Core-Plus","Closed-End","Financial Close","$2.1B","FINAL_CLOSE","PROPOSED_CORRECTION","FUND-019","sizeNativeCurrency | sizeNativeAmount | sizeBasis | sizeAsOf","HIGH"
"Ardian","Ardian","Ardian Infrastructure Fund VI","NAMED_FUND","CLOSED_ACTIVE","VERIFIED_CURRENT_NA_HOLDING","Akuo","2023","Core-Plus","Closed-End","Financial Close","€11.5B","FINAL_CLOSE","PROPOSED_CORRECTION","FUND-020","sizeUsdMm | sizeNativeCurrency | sizeNativeAmount | sizeBasis | sizeAsOf","HIGH"
"Ardian","Ardian","Averrhoa Nature-Based Solutions","NAMED_FUND","CLOSED_ACTIVE","EXPLICIT_NA_MANDATE","","2024","Greenfield","Closed-End","Raising","€200M commitments","COMMITMENTS","PROPOSED_NEW","","","MEDIUM"
"Ardian","Ardian","Clean H2 Infra Fund","NAMED_FUND","CLOSED_ACTIVE","VERIFIED_CURRENT_NA_HOLDING","StormFisher Hydrogen","2021","Growth | Greenfield","Closed-End","Financial Close","€2.0B final close","FINAL_CLOSE","NEEDS_REVIEW","","","MEDIUM"
"Ares Management","Ares Management","Ares Core Infrastructure Fund","NAMED_FUND","EVERGREEN_ACTIVE","EXPLICIT_NA_MANDATE","","2024","Core | Retail Act '40","Open-End","Evergreen","Not disclosed on an allowed basis","","PROPOSED_CORRECTION","FUND-021","fundName | investmentStrategy | size | sizeUsdMm | vintage | strategies | sectors | regions | sourceUrls | strategyUrl","HIGH"
"Ares Management","Ares Management","Ares Climate Infrastructure Partners II, L.P.","NAMED_FUND","RAISING","VERIFIED_CURRENT_NA_HOLDING","ACIP II co-investment (underlying asset undisclosed)","2022","Value-Add | Greenfield","Closed-End","Raising","$1.6B commitments","COMMITMENTS","NEEDS_REVIEW","FUND-022","","MEDIUM"
"Ares Management","Ares Management","Ares Climate Infrastructure Partners, L.P.","NAMED_FUND","CLOSED_ACTIVE","VERIFIED_CURRENT_NA_HOLDING","Apex Clean Energy","2018","Value-Add | Greenfield","Closed-End","Financial Close","$1.4B final close","FINAL_CLOSE","PROPOSED_NEW","","","MEDIUM"
"Ares Management","Ares Management","Ares Energy Investors Fund V, L.P.","NAMED_FUND","CLOSED_ACTIVE","EXPLICIT_NA_MANDATE","","2015","Opportunistic | Greenfield","Closed-End","Financial Close","$801M commitments","COMMITMENTS","PROPOSED_NEW","","","MEDIUM"
"Ares Management","Ares Management","U.S. Power Fund IV, L.P.","NAMED_FUND","CLOSED_ACTIVE","EXPLICIT_NA_MANDATE","","2010","Opportunistic | Greenfield","Closed-End","Financial Close","$1.688B commitments","COMMITMENTS","PROPOSED_NEW","","","HIGH"
"Argo Infrastructure Partners","Argo Infrastructure Partners","AIA Energy North America LLC","NAMED_FUND","CLOSED_ACTIVE","VERIFIED_CURRENT_NA_HOLDING","Cross-Sound Cable","Not disclosed","Co-Investments","Closed-End","Financial Close","$1,497,903,289 current gross asset value","AUM","PROPOSED_NEW","","","HIGH"
"Argo Infrastructure Partners","Argo Infrastructure Partners","Argo Capital Platform (P) 2017 L.P.","NAMED_FUND","CLOSED_ACTIVE","VERIFIED_CURRENT_NA_HOLDING","Corning Energy Corporation","2017","Core","Closed-End","Financial Close","$79,520,399 current gross asset value","AUM","NEEDS_REVIEW","","","MEDIUM"
"Argo Infrastructure Partners","Argo Infrastructure Partners","AIA Montana Aggregator LLC","NAMED_FUND","CLOSED_ACTIVE","VERIFIED_CURRENT_NA_HOLDING","Duquesne Light / DQE Holdings LLC","Not disclosed","Co-Investments","Closed-End","Financial Close","$800,513,921 current gross asset value","AUM","PROPOSED_NEW","","","HIGH"
"Argo Infrastructure Partners","Argo Infrastructure Partners","AIA Florence Aggregator LLC","NAMED_FUND","CLOSED_ACTIVE","VERIFIED_CURRENT_NA_HOLDING","Carville Energy Center and Oneta Energy Center","Not disclosed","Co-Investments","Closed-End","Financial Close","$601,329,349 current gross asset value","AUM","NEEDS_REVIEW","","","MEDIUM"
"Argo Infrastructure Partners","Argo Infrastructure Partners","AIA Infrastructure 3 LLC","NAMED_FUND","CLOSED_ACTIVE","VERIFIED_CURRENT_NA_HOLDING","LAZ Parking","Not disclosed","Co-Investments","Closed-End","Financial Close","$1,036,400,678 current gross asset value","AUM","NEEDS_REVIEW","","","MEDIUM"
"Argo Infrastructure Partners","Argo Infrastructure Partners","AMF Hawaii Holdings LLC","NAMED_FUND","CLOSED_ACTIVE","VERIFIED_CURRENT_NA_HOLDING","Hawaiʻi Gas","Not disclosed","Co-Investments","Closed-End","Financial Close","$104,985,894 current gross asset value","AUM","PROPOSED_NEW","","","HIGH"
"Argo Infrastructure Partners","Argo Infrastructure Partners","Argo Series 3","NAMED_FUND","CLOSED_ACTIVE","VERIFIED_CURRENT_NA_HOLDING","TierPoint","2021","Core","Closed-End","Financial Close","$2.0B","","NEEDS_REVIEW","FUND-023","","MEDIUM"
"Argo Infrastructure Partners","Argo Infrastructure Partners","ACP Inception TC Co-Investment L.P.","NAMED_FUND","CLOSED_ACTIVE","VERIFIED_CURRENT_NA_HOLDING","TierPoint","Not disclosed","Co-Investments","Closed-End","Financial Close","$239,596,154 current gross asset value","AUM","PROPOSED_NEW","","","HIGH"
"Argo Infrastructure Partners","Argo Infrastructure Partners","ACP Fuse Co-Invest Partnership, L.P.","NAMED_FUND","CLOSED_ACTIVE","VERIFIED_CURRENT_NA_HOLDING","TierPoint","Not disclosed","Co-Investments","Closed-End","Financial Close","$345,138,627 current gross asset value","AUM","PROPOSED_NEW","","","HIGH"
"Astatine Investment Partners","Astatine Investment Partners","Astatine Infrastructure Fund I","NAMED_FUND","CLOSED_ACTIVE","VERIFIED_CURRENT_NA_HOLDING","PECO Pallet, Inc.","2016","Core-Plus","Closed-End","Financial Close","Not disclosed","","NEEDS_REVIEW","FUND-024","","MEDIUM"
"Astatine Investment Partners","Astatine Investment Partners","Astatine Infrastructure Fund II","NAMED_FUND","CLOSED_ACTIVE","EXPLICIT_NA_MANDATE","","2020","Core-Plus","Closed-End","Financial Close","$1.0B target","TARGET","NEEDS_REVIEW","FUND-025","","MEDIUM"
"Astatine Investment Partners","Astatine Investment Partners","Boulevard Digital Co-Investment A, L.P.","NAMED_FUND","CLOSED_ACTIVE","VERIFIED_CURRENT_NA_HOLDING","Everfast Fiber Networks","Not disclosed","Co-Investments","Closed-End","Financial Close","Not disclosed","","PROPOSED_NEW","","","HIGH"
"Australian Super","AustralianSuper","AustralianSuper Infrastructure Portfolio","PROGRAM_EXCEPTION","EVERGREEN_ACTIVE","VERIFIED_CURRENT_NA_HOLDING","DataBank Data Centers","Evergreen","Co-Investments","Permanent Capital","Evergreen","A$48.265B AUM (level 3 infrastructure)","AUM","PROPOSED_CORRECTION","FUND-026","investmentStrategy | size | sizeUsdMm | sizeNativeCurrency | sizeNativeAmount | sizeBasis | sizeAsOf | strategies | sectors | regions | sourceUrls","MEDIUM"
"Axium Infrastructure","Axium Infrastructure","Axium Infrastructure Canada L.P.","NAMED_FUND","CLOSED_ACTIVE","EXPLICIT_NA_MANDATE","","2011","Core","Closed-End","Financial Close","C$460 million final close","FINAL_CLOSE","PROPOSED_NEW","","","HIGH"
"Axium Infrastructure","Axium Infrastructure","Axium Infrastructure North American Fund","NAMED_FUND","EVERGREEN_ACTIVE","EXPLICIT_NA_MANDATE","","2012","Core","Open-End","Evergreen","$8.5 billion NAV (currency and as-of date not specified by source)","","PROPOSED_CORRECTION","FUND-027","fundName | investmentStrategy | size | vintage | structure | regions | sourceUrls | strategyUrl","HIGH"
"Axium Infrastructure","Axium Infrastructure","B2C ES Coinvest LP","NAMED_FUND","CLOSED_ACTIVE","VERIFIED_CURRENT_NA_HOLDING","Edwards Sanborn Phase 1B solar and battery-storage facility","2023","Co-Investments","Closed-End","Financial Close","$60 million commitment","COMMITMENTS","PROPOSED_NEW","","","MEDIUM"
"Basalt Infrastructure Partners","Basalt Infrastructure Partners","Basalt BIP IV","NAMED_FUND","CLOSED_ACTIVE","EXPLICIT_NA_MANDATE","","2024","Core-Plus","Closed-End","Financial Close","—","","NEEDS_REVIEW","FUND-028","","MEDIUM"
"BCI","BCI","Infrastructure & Renewable Resources Program","PROGRAM_EXCEPTION","EVERGREEN_ACTIVE","VERIFIED_CURRENT_NA_HOLDING","Global Container Terminals (GCT)","2020","Core","Evergreen","Evergreen","C$36.5B AUM","AUM","PROPOSED_CORRECTION","FUND-030","fundName | investmentStrategy | size | sizeUsdMm | sizeNativeCurrency | sizeNativeAmount | sizeBasis | sizeAsOf | vintage | structure | sectors | regions | sourceUrls | strategyUrl","MEDIUM"
"Bernhard Capital Partners","Bernhard Capital Partners","BCP Energy Services Fund","NAMED_FUND","CLOSED_ACTIVE","VERIFIED_CURRENT_NA_HOLDING","Brown & Root Industrial Services","NEEDS_REVIEW","Value-Add","Closed-End","Financial Close","NEEDS_REVIEW","","NEEDS_REVIEW","","","MEDIUM"
"Bernhard Capital Partners","Bernhard Capital Partners","BCP Energy Services Fund II","NAMED_FUND","CLOSED_ACTIVE","VERIFIED_CURRENT_NA_HOLDING","United Utility","NEEDS_REVIEW","Value-Add","Closed-End","Financial Close","NEEDS_REVIEW","","NEEDS_REVIEW","","","MEDIUM"
"Bernhard Capital Partners","Bernhard Capital Partners","BCP Fund III","NAMED_FUND","CLOSED_ACTIVE","VERIFIED_CURRENT_NA_HOLDING","Grace Hebert Curtis","NEEDS_REVIEW","Value-Add","Closed-End","Financial Close","$1.5B offering amount; related filings report $730M sold; final close NEEDS_REVIEW","","NEEDS_REVIEW","FUND-031","","MEDIUM"
"Bernhard Capital Partners","Bernhard Capital Partners","BCP Infrastructure Fund","NAMED_FUND","CLOSED_ACTIVE","VERIFIED_CURRENT_NA_HOLDING","Delta Utilities","NEEDS_REVIEW","Value-Add","Closed-End","Financial Close","NEEDS_REVIEW","","NEEDS_REVIEW","","","MEDIUM"
"Bernhard Capital Partners","Bernhard Capital Partners","BCP Infrastructure Fund II","NAMED_FUND","CLOSED_ACTIVE","VERIFIED_CURRENT_NA_HOLDING","New Mexico Gas Company","NEEDS_REVIEW","Value-Add","Closed-End","Financial Close","NEEDS_REVIEW","","NEEDS_REVIEW","","","MEDIUM"
"BlackRock","BlackRock","BlackRock Global Energy & Power Infrastructure Fund I","NAMED_FUND","CLOSED_ACTIVE","EXPLICIT_NA_MANDATE","","2012","Core-Plus","Closed-End","Financial Close","Undisclosed in the retained opened evidence","","PROPOSED_NEW","","","MEDIUM"
"BlackRock","BlackRock","BlackRock Global Energy & Power Infrastructure Fund II","NAMED_FUND","CLOSED_ACTIVE","EXPLICIT_NA_MANDATE","","2015","Core-Plus","Closed-End","Financial Close","Undisclosed in the retained opened evidence","","PROPOSED_NEW","","","MEDIUM"
"BlackRock","BlackRock","BlackRock Global Energy & Power Infrastructure Fund III","NAMED_FUND","CLOSED_ACTIVE","EXPLICIT_NA_MANDATE","","2020","Core-Plus","Closed-End","Financial Close","$5.1B final close","FINAL_CLOSE","PROPOSED_NEW","","","HIGH"
"BlackRock","BlackRock","BlackRock Global Infrastructure Fund IV","NAMED_FUND","CLOSED_ACTIVE","EXPLICIT_NA_MANDATE","","2022","Core-Plus","Closed-End","Financial Close","$4.5B first close; later $6.1B repository amount NEEDS_REVIEW","FIRST_CLOSE","NEEDS_REVIEW","FUND-032","","MEDIUM"
"BlackRock","BlackRock","BlackRock Global Renewable Power Fund I","NAMED_FUND","CLOSED_ACTIVE","EXPLICIT_NA_MANDATE","","2012","Core-Plus | Greenfield","Closed-End","Financial Close","Undisclosed in the retained opened evidence","","PROPOSED_NEW","","","MEDIUM"
"BlackRock","BlackRock","BlackRock Global Renewable Power Fund II","NAMED_FUND","CLOSED_ACTIVE","EXPLICIT_NA_MANDATE","","2016","Core-Plus | Greenfield","Closed-End","Financial Close","Undisclosed in the retained opened evidence","","PROPOSED_NEW","","","MEDIUM"
"BlackRock","BlackRock","BlackRock Global Renewable Power Fund III","NAMED_FUND","CLOSED_ACTIVE","EXPLICIT_NA_MANDATE","","2021","Core-Plus | Greenfield","Closed-End","Financial Close","$4.8B final close","FINAL_CLOSE","PROPOSED_NEW","","","HIGH"
"BlackRock","BlackRock","BlackRock Global Renewable Power Fund IV","NAMED_FUND","RAISING","EXPLICIT_NA_MANDATE","","2024","Core-Plus | Greenfield","Closed-End","Raising","$7.0B target; exact Form D amount-sold and as-of fields NEEDS_REVIEW","","NEEDS_REVIEW","FUND-033","","MEDIUM"
"BlackRock","BlackRock","Mexico Infrastructure Fund I","PROGRAM_EXCEPTION","CLOSED_ACTIVE","EXPLICIT_NA_MANDATE","","NEEDS_REVIEW","Core-Plus | Value-Add","Listed / Closed-End","Financial Close","Undisclosed in the retained opened evidence","","NEEDS_REVIEW","","","MEDIUM"
"BlackRock","BlackRock","Mexico Infrastructure Fund II","PROGRAM_EXCEPTION","CLOSED_ACTIVE","EXPLICIT_NA_MANDATE","","NEEDS_REVIEW","Core-Plus | Value-Add","Listed / Closed-End","Financial Close","Undisclosed in the retained opened evidence","","NEEDS_REVIEW","","","MEDIUM"
"BlackRock","BlackRock","Mexico Infrastructure Fund III","PROGRAM_EXCEPTION","CLOSED_ACTIVE","EXPLICIT_NA_MANDATE","","NEEDS_REVIEW","Core-Plus | Value-Add | Greenfield","Listed / Closed-End","Financial Close","Undisclosed in the retained opened evidence","","NEEDS_REVIEW","","","MEDIUM"
"BlackRock","BlackRock","Evergreen Infrastructure Fund","NAMED_FUND","EVERGREEN_ACTIVE","EXPLICIT_NA_MANDATE","","Evergreen","Core-Plus","Open-End","Evergreen","Approximately $1.0B commitments","COMMITMENTS","PROPOSED_CORRECTION","FUND-033A","investmentStrategy | size | sizeNativeCurrency | sizeNativeAmount | sizeBasis | sizeAsOf | sectors | sourceUrls","HIGH"
"BlackRock","BlackRock","AI Infrastructure Partnership","PROGRAM_EXCEPTION","RAISING","VERIFIED_CURRENT_NA_HOLDING","Aligned Data Centers","2024","Growth | Greenfield","Permanent Capital","Raising","$30.0B equity target","TARGET","PROPOSED_NEW","","","MEDIUM"
"Blackstone","Blackstone","Blackstone Infrastructure Partners (BIP)","NAMED_FUND","EVERGREEN_ACTIVE","VERIFIED_CURRENT_NA_HOLDING","QTS","Evergreen","Core-Plus","Permanent Capital","Evergreen","$77.0B","","PROPOSED_CORRECTION","FUND-039","regions","HIGH"
"Blackstone","Blackstone","Blackstone Infrastructure Strategies ELTIF (BXINFRA)","NAMED_FUND","EVERGREEN_ACTIVE","VERIFIED_CURRENT_NA_HOLDING","QTS","Evergreen","Core-Plus","Open-End","Evergreen","$4.1B","","PROPOSED_CORRECTION","FUND-040","fundName | strategies | regions","HIGH"
"Blackstone","Blackstone","Blackstone Energy Transition Partners IV (BETP IV)","NAMED_FUND","CLOSED_ACTIVE","EXPLICIT_NA_MANDATE","","2025","Opportunistic","Closed-End","Financial Close","$5.6B final close","FINAL_CLOSE","PROPOSED_CORRECTION","FUND-041","size | sizeNativeCurrency | sizeNativeAmount | sizeBasis | sizeAsOf","HIGH"
"Brookfield Asset Management","Brookfield","Brookfield Artificial Intelligence Infrastructure Fund (BAIIF)","NAMED_FUND","RAISING","VERIFIED_CURRENT_NA_HOLDING","Bloom Energy AI-infrastructure partnership in the United States","2025","Value-Add","Closed-End","Raising","$10.0B target; $5.0B of initial commitments disclosed","TARGET","NEEDS_REVIEW","FUND-044","size | sizeNativeCurrency | sizeNativeAmount | sizeBasis | sizeAsOf | regions","MEDIUM"
"Brookfield Asset Management","Brookfield","Brookfield Global Transition Fund I (BGTF I)","NAMED_FUND","CLOSED_ACTIVE","VERIFIED_CURRENT_NA_HOLDING","Circular Services","2022","Core-Plus","Closed-End","Financial Close","$15.0B final close","FINAL_CLOSE","PROPOSED_CORRECTION","FUND-044A","investmentStrategy | size | sizeNativeCurrency | sizeNativeAmount | sizeBasis | sizeAsOf | regions | sourceUrls","HIGH"
"Brookfield Asset Management","Brookfield","Brookfield Global Transition Fund II (BGTF II)","NAMED_FUND","CLOSED_ACTIVE","VERIFIED_CURRENT_NA_HOLDING","Infinium","2023","Core-Plus","Closed-End","Financial Close","$20.0B final close","FINAL_CLOSE","PROPOSED_CORRECTION","FUND-045","investmentStrategy | size | sizeNativeCurrency | sizeNativeAmount | sizeBasis | sizeAsOf | regions | sourceUrls","HIGH"
"Brookfield Asset Management","Brookfield","Brookfield Infrastructure Fund V","NAMED_FUND","CLOSED_ACTIVE","VERIFIED_CURRENT_NA_HOLDING","Compass Datacenters","2022","Core-Plus","Closed-End","Financial Close","$28.0B final close; $30.0B including $2.0B of related co-investment capital","FINAL_CLOSE","PROPOSED_CORRECTION","FUND-046","fundName | investmentStrategy | size | sizeNativeCurrency | sizeNativeAmount | sizeBasis | sizeAsOf | regions | sourceUrls","HIGH"
"Brookfield Asset Management","Brookfield","Brookfield Infrastructure Income Fund","NAMED_FUND","EVERGREEN_ACTIVE","EXPLICIT_NA_MANDATE","","Evergreen","Core | Credit / Debt | Retail Act '40","Open-End","Evergreen","$5.1B displayed amount; amount basis and as-of date unresolved","","NEEDS_REVIEW","FUND-047","fundName | investmentStrategy | size | sizeUsdMm | strategies | regions","MEDIUM"
"Brookfield Asset Management","Brookfield","Brookfield Infrastructure Structured Solutions Fund","NAMED_FUND","CLOSED_ACTIVE","EXPLICIT_NA_MANDATE","","2024","Value-Add","Closed-End","Financial Close","$1.0B final close","FINAL_CLOSE","PROPOSED_CORRECTION","FUND-048","fundName | investmentStrategy | size | sizeNativeCurrency | sizeNativeAmount | sizeBasis | sizeAsOf | regions","HIGH"
"Brookfield Asset Management","Brookfield","Brookfield Infrastructure Fund IV","NAMED_FUND","CLOSED_ACTIVE","VERIFIED_CURRENT_NA_HOLDING","Genesee & Wyoming","2020","Core-Plus","Closed-End","Financial Close","$20.0B final close","FINAL_CLOSE","PROPOSED_NEW","","","HIGH"
"Carlyle Infrastructure","Carlyle Group","Carlyle Global Infrastructure Opportunity Fund","NAMED_FUND","CLOSED_ACTIVE","EXPLICIT_NA_MANDATE","","2019","Value-Add","Closed-End","Financial Close","$2.2B final close","FINAL_CLOSE","PROPOSED_CORRECTION","FUND-051","investmentStrategy | size | sizeNativeCurrency | sizeNativeAmount | sizeBasis | sizeAsOf","HIGH"
"Carlyle Infrastructure","Carlyle Group","Carlyle CGI Fund II","NAMED_FUND","RAISING","EXPLICIT_NA_MANDATE","","2026","Value-Add","Closed-End","Raising","TBD","","NEEDS_REVIEW","FUND-052","","MEDIUM"
"Carlyle Infrastructure","Carlyle Group","Carlyle Renewable & Sustainable Energy Fund","NAMED_FUND","CLOSED_ACTIVE","EXPLICIT_NA_MANDATE","","2019","Value-Add","Closed-End","Financial Close","—","","NEEDS_REVIEW","FUND-053A","","MEDIUM"
"Carlyle Infrastructure","Carlyle Group","Carlyle Renewable & Sustainable Energy Fund II","NAMED_FUND","CLOSED_ACTIVE","EXPLICIT_NA_MANDATE","","2022","Value-Add","Closed-End","Financial Close","$2.0B amount sold","AMOUNT_SOLD","PROPOSED_CORRECTION","FUND-053","fundName | investmentStrategy | size | sizeBasis | sizeAsOf","MEDIUM"
"CBRE Investment Management","CBRE Investment Management","CBRE Global Infrastructure Fund","NAMED_FUND","EVERGREEN_ACTIVE","VERIFIED_CURRENT_NA_HOLDING","WANRack, LLC","Evergreen","Core | Core-Plus","Open-End","Evergreen","$5.102B current gross asset value (reported 2026-03-31)","AUM","PROPOSED_CORRECTION","FUND-054","fundName | investmentStrategy | size | sizeUsdMm | sizeNativeCurrency | sizeNativeAmount | sizeBasis | sizeAsOf | strategies | structure | sectors | regions | sourceUrls | strategyUrl","HIGH"
"CDPQ","La Caisse de dépôt (CDPQ)","Infrastructure Specialized Portfolio","PROGRAM_EXCEPTION","EVERGREEN_ACTIVE","VERIFIED_CURRENT_NA_HOLDING","Vertical Bridge","2010","Core","Permanent Capital","Evergreen","C$74.506B net assets under management","AUM","PROPOSED_CORRECTION","FUND-110","fundName | size | sizeUsdMm | sizeNativeCurrency | sizeNativeAmount | sizeBasis | sizeAsOf | vintage | regions","MEDIUM"
"CIM Group","CIM Group","CIM Infrastructure Fund III, L.P.","NAMED_FUND","CLOSED_ACTIVE","EXPLICIT_NA_MANDATE","","2021","Value-Add","Closed-End","Financial Close","NEEDS_REVIEW — SEC Form D reports $1,757,609,274 amount sold; filing date not preserved in opened evidence","","NEEDS_REVIEW","FUND-055","","MEDIUM"
"Copenhagen Infrastructure Partners","Copenhagen Infrastructure Partners","Copenhagen Infrastructure II (CI II)","NAMED_FUND","CLOSED_ACTIVE","EXPLICIT_NA_MANDATE","","2014","Core-Plus | Greenfield","Closed-End","Financial Close","€2.0B","","PROPOSED_NEW","","","HIGH"
"Copenhagen Infrastructure Partners","Copenhagen Infrastructure Partners","Copenhagen Infrastructure III (CI III)","NAMED_FUND","CLOSED_ACTIVE","EXPLICIT_NA_MANDATE","","2017","Core-Plus | Greenfield","Closed-End","Financial Close","€3.5B final close","","PROPOSED_NEW","","","HIGH"
"Copenhagen Infrastructure Partners","Copenhagen Infrastructure Partners","Copenhagen Infrastructure IV (CI IV)","NAMED_FUND","CLOSED_ACTIVE","EXPLICIT_NA_MANDATE","","2020","Core-Plus","Closed-End","Financial Close","€7.0B","","PROPOSED_CORRECTION","FUND-056A","regions","HIGH"
"Copenhagen Infrastructure Partners","Copenhagen Infrastructure Partners","Copenhagen Infrastructure V (CI V)","NAMED_FUND","CLOSED_ACTIVE","EXPLICIT_NA_MANDATE","","2023","Core-Plus","Closed-End","Financial Close","€12.0B","","PROPOSED_CORRECTION","FUND-056","regions","HIGH"
"Copenhagen Infrastructure Partners","Copenhagen Infrastructure Partners","Copenhagen Infrastructure Energy Transition Fund I (CI ETF I)","NAMED_FUND","CLOSED_ACTIVE","EXPLICIT_NA_MANDATE","","2021","Value-Add | Greenfield","Closed-End","Financial Close","€3.0B final close","","PROPOSED_NEW","","","HIGH"
"Copenhagen Infrastructure Partners","Copenhagen Infrastructure Partners","Copenhagen Infrastructure Advanced Bioenergy Fund I (CI ABF I)","NAMED_FUND","CLOSED_ACTIVE","EXPLICIT_NA_MANDATE","","2022","Value-Add | Greenfield","Closed-End","Financial Close","€750M final close","","PROPOSED_NEW","","","HIGH"
"Copenhagen Infrastructure Partners","Copenhagen Infrastructure Partners","Copenhagen Infrastructure Advanced Bioenergy Fund II (CI ABF II)","NAMED_FUND","RAISING","EXPLICIT_NA_MANDATE","","2025","Value-Add | Greenfield","Closed-End","Raising","€1.5B target","","PROPOSED_NEW","","","HIGH"
"CPP Investments","CPP Investments","CPP Investments Infrastructure","PROGRAM_EXCEPTION","EVERGREEN_ACTIVE","VERIFIED_CURRENT_NA_HOLDING","407 International Inc. (407 ETR)","Evergreen","Core-Plus","Permanent Capital","Evergreen","—","","PROPOSED_CORRECTION","FUND-058","investmentStrategy | sectors | regions","MEDIUM"
"CPP Investments","CPP Investments","CPP Investments Sustainable Energies","PROGRAM_EXCEPTION","EVERGREEN_ACTIVE","VERIFIED_CURRENT_NA_HOLDING","Pattern Energy Group LP","Evergreen","Core-Plus","Permanent Capital","Evergreen","—","","PROPOSED_NEW","","","MEDIUM"
"CVC","CVC DIF","DIF CIF II","NAMED_FUND","CLOSED_ACTIVE","EXPLICIT_NA_MANDATE","Joink, LLC","2021","Value-Add","Closed-End","Financial Close","€1.0B final close","FINAL_CLOSE","PROPOSED_CORRECTION","FUND-059A","size | sizeUsdMm | sizeNativeCurrency | sizeNativeAmount | sizeBasis | sizeAsOf | sourceUrls","HIGH"
"CVC","CVC DIF","DIF CIF III","NAMED_FUND","CLOSED_ACTIVE","EXPLICIT_NA_MANDATE","Tonaquint Data Centers","2022","Value-Add","Closed-End","Financial Close","€1.6B final close","FINAL_CLOSE","PROPOSED_CORRECTION","FUND-059","size | sizeUsdMm | sizeNativeCurrency | sizeNativeAmount | sizeBasis | sizeAsOf | sourceUrls","HIGH"
"CVC","CVC DIF","DIF Infrastructure IV","NAMED_FUND","CLOSED_ACTIVE","EXPLICIT_NA_MANDATE","","2015","Core-Plus","Closed-End","Financial Close","€1.15B final close","FINAL_CLOSE","PROPOSED_CORRECTION","FUND-059B","size | sizeUsdMm | sizeNativeCurrency | sizeNativeAmount | sizeBasis | sizeAsOf | sourceUrls","HIGH"
"CVC","CVC DIF","DIF Infrastructure V","NAMED_FUND","CLOSED_ACTIVE","EXPLICIT_NA_MANDATE","","2018","Core-Plus","Closed-End","Financial Close","€1.9B final close","FINAL_CLOSE","PROPOSED_CORRECTION","FUND-059C","size | sizeUsdMm | sizeNativeCurrency | sizeNativeAmount | sizeBasis | sizeAsOf | sourceUrls","HIGH"
"CVC","CVC DIF","DIF Infrastructure VI","NAMED_FUND","CLOSED_ACTIVE","EXPLICIT_NA_MANDATE","Kingfisher Wind","2020","Core-Plus","Closed-End","Financial Close","€3.0B final close","FINAL_CLOSE","PROPOSED_CORRECTION","FUND-059D","size | sizeUsdMm | sizeNativeCurrency | sizeNativeAmount | sizeBasis | sizeAsOf | sourceUrls","HIGH"
"CVC","CVC DIF","DIF Infrastructure VII","NAMED_FUND","CLOSED_ACTIVE","EXPLICIT_NA_MANDATE","ASTP","2022","Core-Plus","Closed-End","Financial Close","€4.4B final close","FINAL_CLOSE","PROPOSED_CORRECTION","FUND-060","size | sizeUsdMm | sizeNativeCurrency | sizeNativeAmount | sizeBasis | sizeAsOf | sourceUrls","HIGH"
"CVC","CVC DIF","DIF Infrastructure VIII","NAMED_FUND","RAISING","EXPLICIT_NA_MANDATE","SBA Canada","2025","Core-Plus","Closed-End","Raising","€6.0B target","TARGET","PROPOSED_CORRECTION","FUND-061","size | sizeUsdMm | sizeNativeCurrency | sizeNativeAmount | sizeBasis | sizeAsOf | sourceUrls","HIGH"
"CVC","CVC DIF","CVC DIF Value-Add IV","NAMED_FUND","RAISING","EXPLICIT_NA_MANDATE","","2025","Value-Add","Closed-End","Raising","€2.0B target","TARGET","PROPOSED_CORRECTION","FUND-062","size | sizeUsdMm | sizeNativeCurrency | sizeNativeAmount | sizeBasis | sizeAsOf | sourceUrls","HIGH"
"DigitalBridge","DigitalBridge","DigitalBridge Partners III, LP","NAMED_FUND","CLOSED_ACTIVE","VERIFIED_CURRENT_NA_HOLDING","Vantage Data Centers","2023","Value-Add","Closed-End","Financial Close","$7.2B final close","FINAL_CLOSE","PROPOSED_CORRECTION","FUND-063","fundName | investmentStrategy | size | sizeNativeCurrency | sizeNativeAmount | sizeBasis | sizeAsOf | vintage | regions | sourceUrls","HIGH"
"DigitalBridge","DigitalBridge","DigitalBridge Partners II, LP","NAMED_FUND","CLOSED_ACTIVE","VERIFIED_CURRENT_NA_HOLDING","Switch","2019","Value-Add","Closed-End","Financial Close","$8.2B final close","FINAL_CLOSE","PROPOSED_NEW","","","HIGH"
"DigitalBridge","DigitalBridge","DigitalBridge Partners, LP","NAMED_FUND","CLOSED_ACTIVE","VERIFIED_CURRENT_NA_HOLDING","Zayo","2017","Value-Add","Closed-End","Financial Close","$4.05B final close","FINAL_CLOSE","PROPOSED_NEW","","","MEDIUM"
"DigitalBridge","DigitalBridge","DigitalBridge Strategic Assets Fund, LP","NAMED_FUND","CLOSED_ACTIVE","VERIFIED_CURRENT_NA_HOLDING","DataBank","2022","Core-Plus","Closed-End","Raising","Not publicly disclosed","","PROPOSED_NEW","","","MEDIUM"
"DWS Infrastructure","DWS","DWS Pan-European Infrastructure Fund III","NAMED_FUND","CLOSED_ACTIVE","EXPLICIT_NA_MANDATE","","2021","Value-Add","Closed-End","Financial Close","€3.1B final close","FINAL_CLOSE","PROPOSED_CORRECTION","FUND-065","fundName | investmentStrategy | size | sizeNativeCurrency | sizeNativeAmount | sizeBasis | sizeAsOf","HIGH"
"EIG Global Energy Partners","EIG","EIG Geothermal Catalyst Partners","NAMED_FUND","RAISING","EXPLICIT_NA_MANDATE","","2026","Greenfield","Closed-End","Raising","Not disclosed (initial close announced April 2026)","","PROPOSED_NEW","","","HIGH"
"Ember Infrastructure","Ember Infrastructure Management","Ember Infrastructure Fund I","NAMED_FUND","CLOSED_ACTIVE","EXPLICIT_NA_MANDATE","ReGenerate","2022","Opportunistic","Closed-End","Financial Close","Over $340M final close","FINAL_CLOSE","PROPOSED_CORRECTION","FUND-069A","investmentStrategy | size | sizeNativeCurrency | sizeNativeAmount | sizeBasis | sizeAsOf","HIGH"
"Ember Infrastructure","Ember Infrastructure Management","Ember Infrastructure Fund II","NAMED_FUND","RAISING","EXPLICIT_NA_MANDATE","","2024","Opportunistic","Closed-End","Raising","$830.7M amount sold (Form D)","AMOUNT_SOLD","PROPOSED_CORRECTION","FUND-070","investmentStrategy | size | sizeUsdMm | sizeNativeCurrency | sizeNativeAmount | sizeBasis | sizeAsOf | vintage | fundStatus","HIGH"
"Energy Capital Partners","Energy Capital Partners","Energy Capital Partners V, L.P.","NAMED_FUND","CLOSED_ACTIVE","VERIFIED_CURRENT_NA_HOLDING","Harvestone Low Carbon Partners","2022","Value-Add","Closed-End","Financial Close","$4.4B final close","FINAL_CLOSE","PROPOSED_CORRECTION","FUND-066","fundName | investmentStrategy | size | sizeNativeCurrency | sizeNativeAmount | sizeBasis | sizeAsOf | strategies","HIGH"
"EQT Infrastructure","EQT","EQT Infrastructure VI","NAMED_FUND","CLOSED_ACTIVE","EXPLICIT_NA_MANDATE","","2023","Value-Add","Closed-End","Financial Close","€21.5B final close","FINAL_CLOSE","PROPOSED_CORRECTION","FUND-073","fundName | investmentStrategy | size | sizeNativeCurrency | sizeNativeAmount | sizeBasis | sizeAsOf","HIGH"
"EQT Infrastructure","EQT","EQT Active Core Infrastructure I","NAMED_FUND","CLOSED_ACTIVE","EXPLICIT_NA_MANDATE","","2023","Core-Plus","Closed-End","Financial Close","$3.2B commitments","COMMITMENTS","PROPOSED_CORRECTION","FUND-071","fundName | investmentStrategy | size | sizeNativeCurrency | sizeNativeAmount | sizeBasis | sizeAsOf | vintage | strategies | structure | fundStatus","HIGH"
"EQT Infrastructure","EQT","EQT AI Infrastructure Strategy","NAMED_FUND","EVERGREEN_ACTIVE","EXPLICIT_NA_MANDATE","EdgeConneX","2026","Growth","Open-End","Evergreen","$9.4B AUM","AUM","PROPOSED_CORRECTION","FUND-072","investmentStrategy | size | sizeUsdMm | sizeNativeCurrency | sizeNativeAmount | sizeBasis | sizeAsOf | strategies | regions","HIGH"
"EQT Infrastructure","EQT","EQT Transition Infrastructure","NAMED_FUND","RAISING","EXPLICIT_NA_MANDATE","","2024","Opportunistic","Closed-End","Raising","[TBD]","","EXISTING_VERIFIED","FUND-074","","HIGH"
"Fengate Asset Management","Fengate Asset Management","Fengate Infrastructure Fund IV","NAMED_FUND","CLOSED_ACTIVE","EXPLICIT_NA_MANDATE","","2021","Core-Plus","Closed-End","Financial Close","$1.1B","FINAL_CLOSE","PROPOSED_CORRECTION","FUND-076","investmentStrategy | sizeNativeCurrency | sizeNativeAmount | sizeBasis | sizeAsOf","HIGH"
"Fengate Asset Management","Fengate Asset Management","Fengate Infrastructure Fund V","NAMED_FUND","RAISING","EXPLICIT_NA_MANDATE","","2025","Core-Plus","Closed-End","Raising","First close completed; amount not disclosed in opened primary evidence","","PROPOSED_NEW","","","MEDIUM"
"Generate Capital","Generate Capital","Generate Capital (permanent capital platform)","PROGRAM_EXCEPTION","EVERGREEN_ACTIVE","EXPLICIT_NA_MANDATE","","Evergreen","Value-Add","Permanent Capital","Evergreen","$10.0B","","PROPOSED_CORRECTION","FUND-081","investmentStrategy","MEDIUM"
"GIC","GIC","Infrastructure","PROGRAM_EXCEPTION","EVERGREEN_ACTIVE","VERIFIED_CURRENT_NA_HOLDING","Duke Energy Indiana","Evergreen","Core-Plus","Permanent Capital","Evergreen","—","","PROPOSED_CORRECTION","FUND-082","fundName | investmentStrategy | sectors | regions","MEDIUM"
"Global Infrastructure Partners","BlackRock (GIP)","GIP V","NAMED_FUND","CLOSED_ACTIVE","VERIFIED_CURRENT_NA_HOLDING","ALLETE","2022","Core-Plus","Closed-End","Financial Close","$25.2B","","PROPOSED_CORRECTION","FUND-036","investmentStrategy | regions","HIGH"
"Global Infrastructure Partners","BlackRock (GIP)","Global AI Infrastructure Investment Partnership","PROGRAM_EXCEPTION","RAISING","EXPLICIT_NA_MANDATE","","2024","Core-Plus","Closed-End","Raising","[$30.0B]","","PROPOSED_CORRECTION","FUND-038","investmentStrategy | regions","MEDIUM"
"Goldman Sachs Asset Management","Goldman Sachs Alternatives","West Street Infrastructure Partners IV","NAMED_FUND","CLOSED_ACTIVE","EXPLICIT_NA_MANDATE","","2021","Value-Add","Closed-End","Financial Close","$4.0B final close","FINAL_CLOSE","PROPOSED_CORRECTION","FUND-087","fundName | investmentStrategy | size | sizeNativeCurrency | sizeNativeAmount | sizeBasis | sizeAsOf | sectors","HIGH"
"Goldman Sachs Asset Management","Goldman Sachs Alternatives","West Street Infrastructure Partners V","NAMED_FUND","RAISING","EXPLICIT_NA_MANDATE","","2024","Value-Add","Closed-End","Raising","$4.0B target","TARGET","PROPOSED_CORRECTION","FUND-088","fundName | investmentStrategy | size | sizeNativeCurrency | sizeNativeAmount | sizeBasis | sizeAsOf | sectors","HIGH"
"Harbert Management Corp","Harbert Management Corporation","Harbert Power Fund V, LLC","NAMED_FUND","CLOSED_ACTIVE","VERIFIED_CURRENT_NA_HOLDING","Panoche Valley Solar","Not disclosed","Core-Plus","Closed-End","Financial Close","Not disclosed","","PROPOSED_NEW","","","HIGH"
"Harbert Management Corp","Harbert Management Corporation","Harbert Infrastructure Fund VI, LP","NAMED_FUND","CLOSED_ACTIVE","EXPLICIT_NA_MANDATE","","2020","Core-Plus","Closed-End","Financial Close","$0.9B final close","FINAL_CLOSE","PROPOSED_CORRECTION","FUND-090","fundName | investmentStrategy | size | sizeNativeCurrency | sizeNativeAmount | sizeBasis | sizeAsOf","HIGH"
"Harbert Management Corp","Harbert Management Corporation","Gulf Pacific Power, LLC","NAMED_FUND","CLOSED_ACTIVE","VERIFIED_CURRENT_NA_HOLDING","Desert Sunlight Solar","Not disclosed","Core-Plus","Closed-End","Financial Close","$2.113B AUM","AUM","PROPOSED_NEW","","","MEDIUM"
"Harrison Street","Harrison Street","Harrison Street Infrastructure Fund, L.P.","NAMED_FUND","EVERGREEN_ACTIVE","EXPLICIT_NA_MANDATE","","Evergreen","Core-Plus","Evergreen","Evergreen","$2.6071B amount sold","AMOUNT_SOLD","PROPOSED_CORRECTION","FUND-092","fundName | investmentStrategy | size | sizeUsdMm | sizeNativeCurrency | sizeNativeAmount | sizeBasis | sizeAsOf | sourceUrls | strategyUrl","HIGH"
"H.I.G. Capital","H.I.G. Capital","H.I.G. Infrastructure Partners","NAMED_FUND","CLOSED_ACTIVE","EXPLICIT_NA_MANDATE","","2021","Value-Add","Closed-End","Financial Close","$1.3B aggregate capital commitments (including separately managed accounts)","COMMITMENTS","PROPOSED_CORRECTION","FUND-089","fundName | size | sizeNativeCurrency | sizeNativeAmount | sizeBasis | sizeAsOf | sectors","HIGH"
"I Squared Capital","I Squared Capital","ISQ Energy Transition Infrastructure Fund","NAMED_FUND","CLOSED_ACTIVE","EXPLICIT_NA_MANDATE","Oregon Renewable Fuels Terminal","2023","Value-Add","Closed-End","Raising","$881.6M amount sold","AMOUNT_SOLD","PROPOSED_CORRECTION","FUND-093","investmentStrategy | size | sizeUsdMm | sizeNativeCurrency | sizeNativeAmount | sizeBasis | sizeAsOf | fundStatus","HIGH"
"I Squared Capital","I Squared Capital","ISQ Global Infrastructure Fund IV","NAMED_FUND","RAISING","EXPLICIT_NA_MANDATE","","2024","Value-Add","Closed-End","Raising","$10.0B first close","FIRST_CLOSE","PROPOSED_CORRECTION","FUND-094","investmentStrategy | size | sizeUsdMm | sizeNativeCurrency | sizeNativeAmount | sizeBasis | sizeAsOf","HIGH"
"iCON Infrastructure","iCON Infrastructure","iCON Infrastructure Partners VII","NAMED_FUND","CLOSED_ACTIVE","EXPLICIT_NA_MANDATE","","2025","Core-Plus","Closed-End","Financial Close","$3.7B commitments","COMMITMENTS","PROPOSED_CORRECTION","FUND-095","fundName | investmentStrategy | size | sizeNativeCurrency | sizeNativeAmount | sizeBasis | sizeAsOf | vintage | fundStatus","HIGH"
"IFM Investors","IFM Investors","IFM Global Infrastructure Fund","NAMED_FUND","EVERGREEN_ACTIVE","VERIFIED_CURRENT_NA_HOLDING","Buckeye Partners","Evergreen","Core-Plus","Evergreen","Evergreen","$73.6B","","PROPOSED_CORRECTION","FUND-097","fundName | investmentStrategy | regions","HIGH"
"IFM Investors","IFM Investors","IFM Core Energy Transition Fund","NAMED_FUND","EVERGREEN_ACTIVE","VERIFIED_CURRENT_NA_HOLDING","Swift Current Energy","Evergreen","Value-Add","Evergreen","Evergreen","[TBD]","","PROPOSED_CORRECTION","FUND-096","fundName | investmentStrategy | regions","HIGH"
"Igneo Infrastructure Partners","Igneo Infrastructure Partners","Global Diversified Infrastructure Fund (GDIF)","NAMED_FUND","EVERGREEN_ACTIVE","VERIFIED_CURRENT_NA_HOLDING","Patriot Rail Company LLC","Evergreen","Core-Plus","Evergreen","Evergreen","$7.2B+ AUM","AUM","PROPOSED_CORRECTION","FUND-098","investmentStrategy | size | sizeUsdMm | sizeNativeCurrency | sizeNativeAmount | sizeBasis | sizeAsOf | regions","HIGH"
"Igneo Infrastructure Partners","Igneo Infrastructure Partners","North American Diversified Infrastructure Fund (NADIF)","NAMED_FUND","RAISING","EXPLICIT_NA_MANDATE","","2024","Value-Add","Closed-End","Raising","$600M first close","FIRST_CLOSE","PROPOSED_CORRECTION","FUND-099","investmentStrategy | size | sizeUsdMm | sizeNativeCurrency | sizeNativeAmount | sizeBasis | sizeAsOf | fundStatus","HIGH"
"InfraBridge","InfraBridge","InfraBridge Global Infrastructure Fund (GIF I)","NAMED_FUND","CLOSED_ACTIVE","VERIFIED_CURRENT_NA_HOLDING","ITS ConGlobal","2015","Core-Plus","Closed-End","Financial Close","$1.411B commitments","COMMITMENTS","PROPOSED_CORRECTION","FUND-099A","fundName | investmentStrategy | size | sizeUsdMm | sizeNativeCurrency | sizeNativeAmount | sizeBasis | sizeAsOf | vintage | regions | sourceUrls","HIGH"
"InfraBridge","InfraBridge","AMP Capital Global Infrastructure Fund II (GIF II)","NAMED_FUND","CLOSED_ACTIVE","VERIFIED_CURRENT_NA_HOLDING","Expedient","2019","Core-Plus","Closed-End","Financial Close","$3.4B","","PROPOSED_CORRECTION","FUND-099B","regions","HIGH"
"InfraRed Capital Partners","InfraRed Capital Partners","InfraRed Infrastructure Fund VI","NAMED_FUND","CLOSED_ACTIVE","EXPLICIT_NA_MANDATE","Public Safety Towers","2021","Value-Add","Closed-End","Financial Close","$1.8B final close","FINAL_CLOSE","PROPOSED_NEW","","","HIGH"
"InfraRed Capital Partners","InfraRed Capital Partners","HICL Infrastructure PLC","NAMED_FUND","EVERGREEN_ACTIVE","VERIFIED_CURRENT_NA_HOLDING","Texas Nevada Transmission","Evergreen","Core","Listed / Evergreen","Evergreen","£3.03B NAV","AUM","PROPOSED_CORRECTION","FUND-102","investmentStrategy | size | sizeNativeCurrency | sizeNativeAmount | sizeBasis | sizeAsOf | regions","HIGH"
"J.P. Morgan Asset Management","J.P. Morgan Asset Management","Global Transport Income Fund (GTIF)","NAMED_FUND","CLOSED_ACTIVE","VERIFIED_CURRENT_NA_HOLDING","Bold Ocean","Undisclosed","Core-Plus","Closed-End","Financial Close","Undisclosed","","PROPOSED_NEW","","","HIGH"
"KKR","KKR","KKR Diversified Core Infrastructure Fund","NAMED_FUND","EVERGREEN_ACTIVE","EXPLICIT_NA_MANDATE","","Evergreen","Core","Evergreen","Evergreen","$13.8B amount sold","AMOUNT_SOLD","PROPOSED_CORRECTION","FUND-105","fundName | investmentStrategy | size | sizeUsdMm | sizeNativeCurrency | sizeNativeAmount | sizeBasis | sizeAsOf | regions","HIGH"
"KKR","KKR","KKR Global Climate Transition Fund (USD) SCSp","NAMED_FUND","RAISING","EXPLICIT_NA_MANDATE","","2024","Opportunistic","Closed-End","Raising","$3.0B amount sold","AMOUNT_SOLD","PROPOSED_CORRECTION","FUND-106","fundName | investmentStrategy | size | sizeUsdMm | sizeNativeCurrency | sizeNativeAmount | sizeBasis | sizeAsOf | vintage | regions","HIGH"
"Morgan Stanley Infrastructure Partners","Morgan Stanley Infrastructure Partners","North Haven Infrastructure Partners III","NAMED_FUND","CLOSED_ACTIVE","VERIFIED_CURRENT_NA_HOLDING","Lightpath","Not disclosed in opened evidence","Value-Add","Closed-End","Financial Close","$5.5B final close","FINAL_CLOSE","PROPOSED_NEW","","","HIGH"
"Morgan Stanley Infrastructure Partners","Morgan Stanley Infrastructure Partners","North Haven Infrastructure Partners II","NAMED_FUND","CLOSED_ACTIVE","EXPLICIT_NA_MANDATE","","2018","Value-Add","Closed-End","Financial Close","$3.6B","FINAL_CLOSE","PROPOSED_CORRECTION","FUND-119A","sizeNativeCurrency | sizeNativeAmount | sizeBasis | sizeAsOf","HIGH"
"Morgan Stanley Infrastructure Partners","Morgan Stanley Infrastructure Partners","North Haven Infrastructure Partners","NAMED_FUND","CLOSED_ACTIVE","VERIFIED_CURRENT_NA_HOLDING","Chicago Parking Meters","Not disclosed in opened evidence","Value-Add","Closed-End","Financial Close","Not disclosed in opened evidence","","PROPOSED_NEW","","","MEDIUM"
"Mubadala","Mubadala Investment Company","Mubadala Infrastructure","PROGRAM_EXCEPTION","EVERGREEN_ACTIVE","EXPLICIT_NA_MANDATE","","Evergreen","Value-Add","Permanent Capital","Evergreen","—","","PROPOSED_CORRECTION","FUND-123","regions","MEDIUM"
"Northleaf Capital","Northleaf Capital Partners","Northleaf Essential Infrastructure Fund","NAMED_FUND","EVERGREEN_ACTIVE","EXPLICIT_NA_MANDATE","","Evergreen","Core","Evergreen","Evergreen",">$1.0B","","PROPOSED_CORRECTION","FUND-125","fundName","HIGH"
"Northleaf Capital","Northleaf Capital Partners","Northleaf Infrastructure Capital Partners IV","NAMED_FUND","CLOSED_ACTIVE","EXPLICIT_NA_MANDATE","","2023","Core-Plus","Closed-End","Financial Close","$2.6B","","PROPOSED_CORRECTION","FUND-126","fundName","HIGH"
"OMERS Infrastructure","OMERS Infrastructure","OMERS Infrastructure","PROGRAM_EXCEPTION","EVERGREEN_ACTIVE","EXPLICIT_NA_MANDATE","","Evergreen","Core-Plus","Permanent Capital","Evergreen","C$32.5B infrastructure investments","","PROPOSED_CORRECTION","FUND-127","investmentStrategy | size | sizeUsdMm | sizeAsOf | regions","MEDIUM"
"OMERS Infrastructure","OMERS Infrastructure","OMERS Infrastructure Strategic Partnership Program","PROGRAM_EXCEPTION","EVERGREEN_ACTIVE","VERIFIED_CURRENT_NA_HOLDING","Direct ChassisLink, Inc.","2013","Co-Investments","Open-End","Evergreen","Not disclosed","","PROPOSED_NEW","","","MEDIUM"
"Ontario Teachers Pension Plan","Ontario Teachers' Pension Plan","Infrastructure","PROGRAM_EXCEPTION","EVERGREEN_ACTIVE","EXPLICIT_NA_MANDATE","","Evergreen","Core | Core-Plus","Permanent Capital","Evergreen","C$34.5B net investments","AUM","PROPOSED_CORRECTION","FUND-128","fundName | investmentStrategy | size | sizeUsdMm | sizeNativeCurrency | sizeNativeAmount | sizeBasis | sizeAsOf | strategies | sectors | regions","MEDIUM"
"QIC Global Infrastructure","QIC","QIC Global Infrastructure Fund","NAMED_FUND","CLOSED_ACTIVE","VERIFIED_CURRENT_NA_HOLDING","CenTrio","Unknown","Core-Plus","Closed-End","Financial Close","Not publicly disclosed","","PROPOSED_NEW","","","HIGH"
"Quinbrook Infrastructure Partners","Quinbrook Infrastructure Partners","Quinbrook Net Zero Power Fund (NZPF)","NAMED_FUND","CLOSED_ACTIVE","EXPLICIT_NA_MANDATE","","2024","Value-Add","Closed-End","Financial Close","$3.0B capital commitments","COMMITMENTS","PROPOSED_CORRECTION","FUND-131","investmentStrategy | size | sizeNativeCurrency | sizeNativeAmount | sizeBasis | sizeAsOf","HIGH"
"Stonepeak","Stonepeak","Stonepeak Infrastructure Fund IV","NAMED_FUND","CLOSED_ACTIVE","EXPLICIT_NA_MANDATE","","2022","Core-Plus","Closed-End","Financial Close","$14.0B final close","FINAL_CLOSE","PROPOSED_NEW","","","HIGH"
"Tiger Infrastructure Partners","Tiger Infrastructure Partners","Tiger Infrastructure Partners Fund IV","NAMED_FUND","RAISING","VERIFIED_CURRENT_NA_HOLDING","Bolder Industries","2024","Value-Add","Closed-End","Raising","[$2.0B]","","EXISTING_VERIFIED","FUND-144","","HIGH"
"TPG","TPG","TPG Peppertree Fund X","NAMED_FUND","CLOSED_ACTIVE","EXPLICIT_NA_MANDATE","","2023","Opportunistic","Closed-End","Financial Close","$2.0B","AMOUNT_SOLD","PROPOSED_CORRECTION","FUND-145","sizeNativeCurrency | sizeNativeAmount | sizeBasis | sizeAsOf","HIGH"
"Vision Ridge Partners","Vision Ridge Partners","Vision Ridge Sustainable Asset Fund III","NAMED_FUND","CLOSED_ACTIVE","EXPLICIT_NA_MANDATE","","2021","Opportunistic","Closed-End","Financial Close","$1.25B final close","FINAL_CLOSE","PROPOSED_CORRECTION","FUND-148B","investmentStrategy | size | sizeUsdMm | sizeNativeCurrency | sizeNativeAmount | sizeBasis | sizeAsOf","HIGH"
"Vision Ridge Partners","Vision Ridge Partners","Vision Ridge Sustainable Asset Fund IV","NAMED_FUND","CLOSED_ACTIVE","VERIFIED_CURRENT_NA_HOLDING","VEMO","2026","Opportunistic","Closed-End","Financial Close","$2.4B final close","FINAL_CLOSE","PROPOSED_CORRECTION","FUND-149","investmentStrategy | size | sizeNativeCurrency | sizeNativeAmount | sizeBasis | sizeAsOf","HIGH"
"Tallvine","Tallvine Partners","Tallvine Middle Market Infrastructure Fund I, L.P.","NAMED_FUND","RAISING","EXPLICIT_NA_MANDATE","","2024","Value-Add","Closed-End","Raising","$701.7M amount sold","AMOUNT_SOLD","PROPOSED_CORRECTION","FUND-142","investmentStrategy | size | sizeUsdMm | sizeNativeCurrency | sizeNativeAmount | sizeBasis | sizeAsOf | vintage | sectors | sourceUrls","HIGH"
